<?xml version="1.0" encoding="UTF-8"?><gmd:MD_Metadata xmlns:xlink="http://www.w3.org/1999/xlink" xmlns:srv="http://www.isotc211.org/2005/srv" xmlns:gts="http://www.isotc211.org/2005/gts" xmlns:gmd="http://www.isotc211.org/2005/gmd" xmlns:gco="http://www.isotc211.org/2005/gco" xmlns:gml="http://www.opengis.net/gml" xmlns:xsi="http://www.w3.org/2001/XMLSchema-instance">
<gmd:fileIdentifier>
<gco:CharacterString>686603e943f948acaa13fb5d2b0f1275</gco:CharacterString>
</gmd:fileIdentifier>
<gmd:language>
<gmd:LanguageCode codeList="http://www.loc.gov/standards/iso639-2/php/code_list.php" codeListValue="eng" codeSpace="ISO639-2">eng</gmd:LanguageCode>
</gmd:language>
<gmd:characterSet>
<gmd:MD_CharacterSetCode codeList="http://www.isotc211.org/2005/resources/Codelist/gmxCodelists.xml#MD_CharacterSetCode" codeListValue="utf8" codeSpace="ISOTC211/19115">utf8</gmd:MD_CharacterSetCode>
</gmd:characterSet>
<gmd:hierarchyLevel>
<gmd:MD_ScopeCode codeList="http://www.isotc211.org/2005/resources/Codelist/gmxCodelists.xml#MD_ScopeCode" codeListValue="dataset" codeSpace="ISOTC211/19115">dataset</gmd:MD_ScopeCode>
</gmd:hierarchyLevel>
<gmd:hierarchyLevelName>
<gco:CharacterString>dataset</gco:CharacterString>
</gmd:hierarchyLevelName>
<gmd:contact>
<gmd:CI_ResponsibleParty>
<gmd:organisationName>
<gco:CharacterString>ONS Geography</gco:CharacterString>
</gmd:organisationName>
<gmd:contactInfo>
<gmd:CI_Contact>
<gmd:address>
<gmd:CI_Address>
<gmd:electronicMailAddress>
<gco:CharacterString>ons.geography@ons.gsi.gov.uk</gco:CharacterString>
</gmd:electronicMailAddress>
</gmd:CI_Address>
</gmd:address>
</gmd:CI_Contact>
</gmd:contactInfo>
<gmd:role>
<gmd:CI_RoleCode codeList="http://www.isotc211.org/2005/resources/Codelist/gmxCodelists.xml#CI_RoleCode" codeListValue="pointOfContact" codeSpace="ISOTC211/19115">pointOfContact</gmd:CI_RoleCode>
</gmd:role>
</gmd:CI_ResponsibleParty>
</gmd:contact>
<dateStamp>
<gco:Date>2017-02-08</gco:Date>
</dateStamp>
<gmd:metadataStandardName>
<gco:CharacterString>INSPIRE Metadata Implementing Rules: Technical Guidelines based on EN ISO 19115 and EN ISO 19119</gco:CharacterString>
</gmd:metadataStandardName>
<gmd:metadataStandardVersion>
<gco:CharacterString>V. 1.2</gco:CharacterString>
</gmd:metadataStandardVersion>
<gmd:identificationInfo>
<gmd:MD_DataIdentification>
<gmd:citation>
<gmd:CI_Citation>
<gmd:title>
<gco:CharacterString>Local Authority Districts (December 2016) Boundaries</gco:CharacterString>
</gmd:title>
<gmd:date>
<gmd:CI_Date>
<date>
<gco:Date>2016-12-31</gco:Date>
</date>
<gmd:dateType>
<gmd:CI_DateTypeCode codeList="http://www.isotc211.org/2005/resources/Codelist/gmxCodelists.xml#CI_DateTypeCode" codeListValue="creation" codeSpace="ISOTC211/19115">creation</gmd:CI_DateTypeCode>
</gmd:dateType>
</gmd:CI_Date>
</gmd:date>
<gmd:date>
<gmd:CI_Date>
<date>
<gco:Date>2017-02-08</gco:Date>
</date>
<gmd:dateType>
<gmd:CI_DateTypeCode codeList="http://www.isotc211.org/2005/resources/Codelist/gmxCodelists.xml#CI_DateTypeCode" codeListValue="publication" codeSpace="ISOTC211/19115">publication</gmd:CI_DateTypeCode>
</gmd:dateType>
</gmd:CI_Date>
</gmd:date>
<gmd:identifier>
<gmd:MD_Identifier>
<gmd:code>
<gco:CharacterString>686603e943f948acaa13fb5d2b0f1275</gco:CharacterString>
</gmd:code>
</gmd:MD_Identifier>
</gmd:identifier>
</gmd:CI_Citation>
</gmd:citation>
<gmd:abstract>
<gco:CharacterString>This file contains the digital vector boundaries for Local Authority Districts, in Great Britain, as at 31 December 2016. The boundaries available are: Full resolution - extent of the realm (usually this is the Mean Low Water mark but in some cases boundaries extend beyond this to include off shore islands);Full resolution - clipped to the coastline (Mean High Water mark);Generalised (20m) - clipped to the coastline (Mean High Water mark);Super generalised (200m) - clipped to the coastline (Mean High Water mark) andUltra generalised (500m) - clipped to the coastline (Mean High Water mark).Contains both Ordnance Survey and ONS Intellectual Property Rights. Download File SizesFull resolution - extent of the realm (45 MB)Full resolution - clipped to the coastline (49 MB)Generalised (20m) - clipped to the coastline (6 MB)Super generalised (200m) - clipped to the coastline (1 MB)Ultra generalised (500m) - clipped to the coastline (352 KB).REST URL of ArcGIS for INSPIRE View Service – https://ons-inspire.esriuk.com/arcgis/rest/services/Administrative_Boundaries/Local_Authority_Districts_December_2016_Boundaries/MapServer/exts/InspireViewREST URL of ArcGIS for INSPIRE Feature Download Service – https://ons-inspire.esriuk.com/arcgis/rest/services/Administrative_Boundaries/Local_Authority_Districts_December_2016_Boundaries/MapServer/exts/InspireFeatureDownloadREST URL of Feature Service – https://ons-inspire.esriuk.com/arcgis/rest/services/Administrative_Boundaries/Local_Authority_Districts_December_2016_Boundaries/FeatureServer</gco:CharacterString>
</gmd:abstract>
<gmd:purpose>
<gco:CharacterString>Boundaries</gco:CharacterString>
</gmd:purpose>
<gmd:credit>
<gco:CharacterString>Office for National Statistics</gco:CharacterString>
</gmd:credit>
<gmd:descriptiveKeywords>
<gmd:MD_Keywords>
<gmd:keyword>
<gco:CharacterString>Boundaries</gco:CharacterString>
</gmd:keyword>
<gmd:keyword>
<gco:CharacterString>Local Authority District</gco:CharacterString>
</gmd:keyword>
<gmd:keyword>
<gco:CharacterString>LAD</gco:CharacterString>
</gmd:keyword>
<gmd:keyword>
<gco:CharacterString>2016</gco:CharacterString>
</gmd:keyword>
<gmd:keyword>
<gco:CharacterString>Administrative Boundaries</gco:CharacterString>
</gmd:keyword>
<gmd:keyword>
<gco:CharacterString>Great Britain</gco:CharacterString>
</gmd:keyword>
<gmd:keyword>
<gco:CharacterString>WFS</gco:CharacterString>
</gmd:keyword>
<gmd:keyword>
<gco:CharacterString>WMS</gco:CharacterString>
</gmd:keyword>
<gmd:keyword>
<gco:CharacterString>Latest_Boundaries</gco:CharacterString>
</gmd:keyword>
<gmd:keyword>
<gco:CharacterString>boundaries</gco:CharacterString>
</gmd:keyword>
</gmd:MD_Keywords>
</gmd:descriptiveKeywords>
<gmd:descriptiveKeywords>
<gmd:MD_Keywords>
<gmd:keyword>
<gco:CharacterString>Boundaries</gco:CharacterString>
</gmd:keyword>
<gmd:keyword>
<gco:CharacterString>Local Authority District</gco:CharacterString>
</gmd:keyword>
<gmd:keyword>
<gco:CharacterString>LAD</gco:CharacterString>
</gmd:keyword>
<gmd:keyword>
<gco:CharacterString>2016</gco:CharacterString>
</gmd:keyword>
<gmd:keyword>
<gco:CharacterString>Administrative Boundaries</gco:CharacterString>
</gmd:keyword>
<gmd:keyword>
<gco:CharacterString>Great Britain</gco:CharacterString>
</gmd:keyword>
<gmd:keyword>
<gco:CharacterString>WFS</gco:CharacterString>
</gmd:keyword>
<gmd:keyword>
<gco:CharacterString>WMS</gco:CharacterString>
</gmd:keyword>
<gmd:keyword>
<gco:CharacterString>Latest_Boundaries</gco:CharacterString>
</gmd:keyword>
<gmd:keyword>
<gco:CharacterString>boundaries</gco:CharacterString>
</gmd:keyword>
</gmd:MD_Keywords>
</gmd:descriptiveKeywords>
<gmd:descriptiveKeywords>
<gmd:MD_Keywords>
<gmd:keyword>
<gco:CharacterString>Boundaries</gco:CharacterString>
</gmd:keyword>
<gmd:keyword>
<gco:CharacterString>Local Authority District</gco:CharacterString>
</gmd:keyword>
<gmd:keyword>
<gco:CharacterString>LAD</gco:CharacterString>
</gmd:keyword>
<gmd:keyword>
<gco:CharacterString>2016</gco:CharacterString>
</gmd:keyword>
<gmd:keyword>
<gco:CharacterString>Administrative Boundaries</gco:CharacterString>
</gmd:keyword>
<gmd:keyword>
<gco:CharacterString>Great Britain</gco:CharacterString>
</gmd:keyword>
<gmd:keyword>
<gco:CharacterString>WFS</gco:CharacterString>
</gmd:keyword>
<gmd:keyword>
<gco:CharacterString>WMS</gco:CharacterString>
</gmd:keyword>
<gmd:keyword>
<gco:CharacterString>Latest_Boundaries</gco:CharacterString>
</gmd:keyword>
<gmd:keyword>
<gco:CharacterString>boundaries</gco:CharacterString>
</gmd:keyword>
</gmd:MD_Keywords>
</gmd:descriptiveKeywords>
<gmd:descriptiveKeywords>
<gmd:MD_Keywords>
<gmd:keyword>
<gco:CharacterString>Boundaries</gco:CharacterString>
</gmd:keyword>
<gmd:keyword>
<gco:CharacterString>Local Authority District</gco:CharacterString>
</gmd:keyword>
<gmd:keyword>
<gco:CharacterString>LAD</gco:CharacterString>
</gmd:keyword>
<gmd:keyword>
<gco:CharacterString>2016</gco:CharacterString>
</gmd:keyword>
<gmd:keyword>
<gco:CharacterString>Administrative Boundaries</gco:CharacterString>
</gmd:keyword>
<gmd:keyword>
<gco:CharacterString>Great Britain</gco:CharacterString>
</gmd:keyword>
<gmd:keyword>
<gco:CharacterString>WFS</gco:CharacterString>
</gmd:keyword>
<gmd:keyword>
<gco:CharacterString>WMS</gco:CharacterString>
</gmd:keyword>
<gmd:keyword>
<gco:CharacterString>Latest_Boundaries</gco:CharacterString>
</gmd:keyword>
<gmd:keyword>
<gco:CharacterString>boundaries</gco:CharacterString>
</gmd:keyword>
</gmd:MD_Keywords>
</gmd:descriptiveKeywords>
<gmd:descriptiveKeywords>
<gmd:MD_Keywords>
<gmd:keyword>
<gco:CharacterString>Boundaries</gco:CharacterString>
</gmd:keyword>
<gmd:keyword>
<gco:CharacterString>Local Authority District</gco:CharacterString>
</gmd:keyword>
<gmd:keyword>
<gco:CharacterString>LAD</gco:CharacterString>
</gmd:keyword>
<gmd:keyword>
<gco:CharacterString>2016</gco:CharacterString>
</gmd:keyword>
<gmd:keyword>
<gco:CharacterString>Administrative Boundaries</gco:CharacterString>
</gmd:keyword>
<gmd:keyword>
<gco:CharacterString>Great Britain</gco:CharacterString>
</gmd:keyword>
<gmd:keyword>
<gco:CharacterString>WFS</gco:CharacterString>
</gmd:keyword>
<gmd:keyword>
<gco:CharacterString>WMS</gco:CharacterString>
</gmd:keyword>
<gmd:keyword>
<gco:CharacterString>Latest_Boundaries</gco:CharacterString>
</gmd:keyword>
<gmd:keyword>
<gco:CharacterString>boundaries</gco:CharacterString>
</gmd:keyword>
</gmd:MD_Keywords>
</gmd:descriptiveKeywords>
<gmd:descriptiveKeywords>
<gmd:MD_Keywords>
<gmd:keyword>
<gco:CharacterString>Boundaries</gco:CharacterString>
</gmd:keyword>
<gmd:keyword>
<gco:CharacterString>Local Authority District</gco:CharacterString>
</gmd:keyword>
<gmd:keyword>
<gco:CharacterString>LAD</gco:CharacterString>
</gmd:keyword>
<gmd:keyword>
<gco:CharacterString>2016</gco:CharacterString>
</gmd:keyword>
<gmd:keyword>
<gco:CharacterString>Administrative Boundaries</gco:CharacterString>
</gmd:keyword>
<gmd:keyword>
<gco:CharacterString>Great Britain</gco:CharacterString>
</gmd:keyword>
<gmd:keyword>
<gco:CharacterString>WFS</gco:CharacterString>
</gmd:keyword>
<gmd:keyword>
<gco:CharacterString>WMS</gco:CharacterString>
</gmd:keyword>
<gmd:keyword>
<gco:CharacterString>Latest_Boundaries</gco:CharacterString>
</gmd:keyword>
<gmd:keyword>
<gco:CharacterString>boundaries</gco:CharacterString>
</gmd:keyword>
</gmd:MD_Keywords>
</gmd:descriptiveKeywords>
<gmd:descriptiveKeywords>
<gmd:MD_Keywords>
<gmd:keyword>
<gco:CharacterString>Boundaries</gco:CharacterString>
</gmd:keyword>
<gmd:keyword>
<gco:CharacterString>Local Authority District</gco:CharacterString>
</gmd:keyword>
<gmd:keyword>
<gco:CharacterString>LAD</gco:CharacterString>
</gmd:keyword>
<gmd:keyword>
<gco:CharacterString>2016</gco:CharacterString>
</gmd:keyword>
<gmd:keyword>
<gco:CharacterString>Administrative Boundaries</gco:CharacterString>
</gmd:keyword>
<gmd:keyword>
<gco:CharacterString>Great Britain</gco:CharacterString>
</gmd:keyword>
<gmd:keyword>
<gco:CharacterString>WFS</gco:CharacterString>
</gmd:keyword>
<gmd:keyword>
<gco:CharacterString>WMS</gco:CharacterString>
</gmd:keyword>
<gmd:keyword>
<gco:CharacterString>Latest_Boundaries</gco:CharacterString>
</gmd:keyword>
<gmd:keyword>
<gco:CharacterString>boundaries</gco:CharacterString>
</gmd:keyword>
</gmd:MD_Keywords>
</gmd:descriptiveKeywords>
<gmd:descriptiveKeywords>
<gmd:MD_Keywords>
<gmd:keyword>
<gco:CharacterString>Boundaries</gco:CharacterString>
</gmd:keyword>
<gmd:keyword>
<gco:CharacterString>Local Authority District</gco:CharacterString>
</gmd:keyword>
<gmd:keyword>
<gco:CharacterString>LAD</gco:CharacterString>
</gmd:keyword>
<gmd:keyword>
<gco:CharacterString>2016</gco:CharacterString>
</gmd:keyword>
<gmd:keyword>
<gco:CharacterString>Administrative Boundaries</gco:CharacterString>
</gmd:keyword>
<gmd:keyword>
<gco:CharacterString>Great Britain</gco:CharacterString>
</gmd:keyword>
<gmd:keyword>
<gco:CharacterString>WFS</gco:CharacterString>
</gmd:keyword>
<gmd:keyword>
<gco:CharacterString>WMS</gco:CharacterString>
</gmd:keyword>
<gmd:keyword>
<gco:CharacterString>Latest_Boundaries</gco:CharacterString>
</gmd:keyword>
<gmd:keyword>
<gco:CharacterString>boundaries</gco:CharacterString>
</gmd:keyword>
</gmd:MD_Keywords>
</gmd:descriptiveKeywords>
<gmd:descriptiveKeywords>
<gmd:MD_Keywords>
<gmd:keyword>
<gco:CharacterString>Boundaries</gco:CharacterString>
</gmd:keyword>
<gmd:keyword>
<gco:CharacterString>Local Authority District</gco:CharacterString>
</gmd:keyword>
<gmd:keyword>
<gco:CharacterString>LAD</gco:CharacterString>
</gmd:keyword>
<gmd:keyword>
<gco:CharacterString>2016</gco:CharacterString>
</gmd:keyword>
<gmd:keyword>
<gco:CharacterString>Administrative Boundaries</gco:CharacterString>
</gmd:keyword>
<gmd:keyword>
<gco:CharacterString>Great Britain</gco:CharacterString>
</gmd:keyword>
<gmd:keyword>
<gco:CharacterString>WFS</gco:CharacterString>
</gmd:keyword>
<gmd:keyword>
<gco:CharacterString>WMS</gco:CharacterString>
</gmd:keyword>
<gmd:keyword>
<gco:CharacterString>Latest_Boundaries</gco:CharacterString>
</gmd:keyword>
<gmd:keyword>
<gco:CharacterString>boundaries</gco:CharacterString>
</gmd:keyword>
</gmd:MD_Keywords>
</gmd:descriptiveKeywords>
<gmd:descriptiveKeywords>
<gmd:MD_Keywords>
<gmd:keyword>
<gco:CharacterString>Boundaries</gco:CharacterString>
</gmd:keyword>
<gmd:keyword>
<gco:CharacterString>Local Authority District</gco:CharacterString>
</gmd:keyword>
<gmd:keyword>
<gco:CharacterString>LAD</gco:CharacterString>
</gmd:keyword>
<gmd:keyword>
<gco:CharacterString>2016</gco:CharacterString>
</gmd:keyword>
<gmd:keyword>
<gco:CharacterString>Administrative Boundaries</gco:CharacterString>
</gmd:keyword>
<gmd:keyword>
<gco:CharacterString>Great Britain</gco:CharacterString>
</gmd:keyword>
<gmd:keyword>
<gco:CharacterString>WFS</gco:CharacterString>
</gmd:keyword>
<gmd:keyword>
<gco:CharacterString>WMS</gco:CharacterString>
</gmd:keyword>
<gmd:keyword>
<gco:CharacterString>Latest_Boundaries</gco:CharacterString>
</gmd:keyword>
<gmd:keyword>
<gco:CharacterString>boundaries</gco:CharacterString>
</gmd:keyword>
</gmd:MD_Keywords>
</gmd:descriptiveKeywords>
<gmd:resourceConstraints>
<gmd:MD_Constraints>
<gmd:useLimitation>
<gco:CharacterString>https://www.ons.gov.uk/methodology/geography/licences</gco:CharacterString>
</gmd:useLimitation>
</gmd:MD_Constraints>
</gmd:resourceConstraints>
<gmd:resourceConstraints>
<gmd:MD_LegalConstraints>
<gmd:useLimitation>
<gco:CharacterString>Licence, http://www.nationalarchives.gov.uk/doc/open-government-licence/, Contains National Statistics data © Crown copyright and database right [2017]</gco:CharacterString>
</gmd:useLimitation>
<gmd:accessConstraints>
<gmd:MD_RestrictionCode codeList="http://www.isotc211.org/2005/resources/Codelist/gmxCodelists.xml#MD_RestrictionCode" codeListValue="license" codeSpace="ISOTC211/19115">license</gmd:MD_RestrictionCode>
</gmd:accessConstraints>
<gmd:useConstraints>
<gmd:MD_RestrictionCode codeList="http://www.isotc211.org/2005/resources/Codelist/gmxCodelists.xml#MD_RestrictionCode" codeListValue="license" codeSpace="ISOTC211/19115">license</gmd:MD_RestrictionCode>
</gmd:useConstraints>
<gmd:otherConstraints>
<gco:CharacterString>Licence, http://www.nationalarchives.gov.uk/doc/open-government-licence/, Contains National Statistics data © Crown copyright and database right [2017]</gco:CharacterString>
</gmd:otherConstraints>
</gmd:MD_LegalConstraints>
</gmd:resourceConstraints>
<gmd:language>
<gmd:LanguageCode codeList="http://www.loc.gov/standards/iso639-2/php/code_list.php" codeListValue="eng" codeSpace="ISO639-2">eng</gmd:LanguageCode>
</gmd:language>
<gmd:characterSet>
<gmd:MD_CharacterSetCode codeList="http://www.isotc211.org/2005/resources/Codelist/gmxCodelists.xml#MD_CharacterSetCode" codeListValue="utf8" codeSpace="ISOTC211/19115">utf8</gmd:MD_CharacterSetCode>
</gmd:characterSet>
<gmd:topicCategory>
<gmd:MD_TopicCategoryCode>boundaries</gmd:MD_TopicCategoryCode>
</gmd:topicCategory>
<gmd:extent>
<gmd:EX_Extent>
<gmd:geographicElement>
<gmd:EX_GeographicBoundingBox>
<gmd:westBoundLongitude>
<gco:Decimal>-7.9</gco:Decimal>
</gmd:westBoundLongitude>
<gmd:eastBoundLongitude>
<gco:Decimal>2</gco:Decimal>
</gmd:eastBoundLongitude>
<gmd:southBoundLatitude>
<gco:Decimal>49.9</gco:Decimal>
</gmd:southBoundLatitude>
<gmd:northBoundLatitude>
<gco:Decimal>61</gco:Decimal>
</gmd:northBoundLatitude>
</gmd:EX_GeographicBoundingBox>
</gmd:geographicElement>
</gmd:EX_Extent>
</gmd:extent>
</gmd:MD_DataIdentification>
</gmd:identificationInfo>
<gmd:distributionInfo>
<gmd:MD_Distribution>
<gmd:transferOptions>
<gmd:MD_DigitalTransferOptions/>
</gmd:transferOptions>
</gmd:MD_Distribution>
</gmd:distributionInfo>
<gmd:dataQualityInfo>
<gmd:DQ_DataQuality>
<gmd:scope>
<gmd:DQ_Scope>
<gmd:level>
<gmd:MD_ScopeCode codeList="http://www.isotc211.org/2005/resources/Codelist/gmxCodelists.xml#MD_ScopeCode" codeListValue="dataset" codeSpace="ISOTC211/19115">dataset</gmd:MD_ScopeCode>
</gmd:level>
</gmd:DQ_Scope>
</gmd:scope>
<gmd:report>
<gmd:DQ_DomainConsistency>
<gmd:result>
<gmd:DQ_ConformanceResult>
<gmd:specification>
<gmd:CI_Citation>
<gmd:title>
<gco:CharacterString>COMMISSION REGULATION (EU) No 1089/2010 of 23 November 2010 implementing Directive 2007/2/EC of the European Parliament and of the Council as regards interoperability of spatial data sets and services</gco:CharacterString>
</gmd:title>
<gmd:date>
<gmd:CI_Date>
<date>
<gco:Date>2010-12-08</gco:Date>
</date>
<gmd:dateType>
<gmd:CI_DateTypeCode codeList="http://www.isotc211.org/2005/resources/Codelist/gmxCodelists.xml#CI_DateTypeCode" codeListValue="publication" codeSpace="ISOTC211/19115">publication</gmd:CI_DateTypeCode>
</gmd:dateType>
</gmd:CI_Date>
</gmd:date>
</gmd:CI_Citation>
</gmd:specification>
<gmd:explanation>
<gco:CharacterString>http://eur-lex.europa.eu/LexUriServ/LexUriServ.do?uri=OJ:L:2010:323:0011:0102:EN:PDF</gco:CharacterString>
</gmd:explanation>
<gmd:pass>
<gco:Boolean>true</gco:Boolean>
</gmd:pass>
</gmd:DQ_ConformanceResult>
</gmd:result>
</gmd:DQ_DomainConsistency>
</gmd:report>
<gmd:lineage>
<gmd:LI_Lineage>
<gmd:statement>
<gco:CharacterString>This dataset was built from ONS Geographys corrected version of Ordnance Survey Boundary Line 2016</gco:CharacterString>
</gmd:statement>
</gmd:LI_Lineage>
</gmd:lineage>
</gmd:DQ_DataQuality>
</gmd:dataQualityInfo>
</gmd:MD_Metadata>
